0.0,0.290521,-0.00562138888889,-4.94052330247
0.5,0.2889775,0.094325,-4.79861234568
1.0499999999999998,0.288806,-0.102995277778,-4.77950385802
1.5499999999999998,0.289149,-0.005145,-4.82613703704
2.05,0.28812,0.0882272222222,-4.71042746914
2.6000000000000005,0.2872625,-0.105663055556,-4.62748287037
3.1000000000000005,0.288463,-0.008575,-4.73832268519
3.6000000000000005,0.2872625,0.0866075,-4.61806095679
4.15,0.2865765,-0.104996111111,-4.54787299383
4.65,0.287434,-0.00990888888889,-4.62584197531
5.15,0.286405,0.0871791666667,-4.52998194444
5.7,0.286062,-0.1003275,-4.48133734568
6.2,0.286405,-0.00914666666667,-4.52733533951
6.7,0.2852045,0.0802238888889,-4.41390185185
7.250000000000001,0.28469,-0.0996605555556,-4.35715864198
7.750000000000001,0.2855475,-0.00981361111111,-4.44274984568
8.25,0.28469,0.07889,-4.35800555556
8.8,0.2838325,-0.0993747222222,-4.26299243827
9.3,0.28469,-0.00990888888889,-4.3602816358
9.8,0.284004,0.0796522222222,-4.29972731481
10.35,0.283318,-0.0940391666667,-4.21651805556
10.85,0.2834895,-0.00762222222222,-4.25245895062
11.35,0.282632,0.0778419444444,-4.16025123457
11.9,0.2821175,-0.0948966666667,-4.1072132716
12.4,0.282975,-0.0101947222222,-4.19492175926
12.9,0.2821175,0.0747930555556,-4.10779552469
13.45,0.2814315,-0.0934675,-4.04194799383
13.95,0.2824605,-0.00933722222222,-4.13468503086
14.45,0.281603,0.0743166666667,-4.04851157407
15.0,0.2807455,-0.0923241666667,-3.96334382716
15.5,0.2817745,-0.00819388888889,-4.07063719136
16.0,0.280917,0.0752694444444,-3.97821774691
16.55,0.280231,-0.0882272222222,-3.91046466049
17.05,0.2807455,-0.00686,-3.96884876543
17.55,0.279888,0.0709819444444,-3.87875833333
18.1,0.2793735,-0.0907044444444,-3.82524398148
18.6,0.280231,-0.0112427777778,-3.91078225309
19.1,0.2793735,0.0683141666667,-3.83069598765
19.65,0.278859,-0.0903233333333,-3.7771816358
20.15,0.2797165,-0.0119097222222,-3.86271990741
20.65,0.278859,0.0645983333333,-3.78088688272
21.2,0.278173,-0.0894658333333,-3.7086875
21.7,0.2790305,-0.0131483333333,-3.79486095679
22.2,0.278173,0.0625975,-3.72123240741
22.75,0.277487,-0.0897516666667,-3.644375
23.25,0.2783445,-0.0141963888889,-3.73838240741
23.75,0.27783,0.0596438888889,-3.69016126543
24.3,0.276801,-0.0896563888889,-3.59620679012
24.8,0.2776585,-0.0141011111111,-3.66623595679
25.3,0.2773155,0.0601202777778,-3.62833657407
25.85,0.2762865,-0.0886083333333,-3.52670694444
26.35,0.276801,-0.0167688888889,-3.5884257716
26.85,0.2762865,0.0534508333333,-3.52077854938
27.4,0.275429,-0.0916572222222,-3.43349351852
27.9,0.2762865,-0.0216280555556,-3.51892592593
28.4,0.275772,0.0489727777778,-3.4727691358
28.95,0.274743,-0.0946108333333,-3.36912808642
29.45,0.275772,-0.0260108333333,-3.47366898148
29.95,0.275429,0.0437325,-3.44069228395
30.5,0.274057,-0.0965163888889,-3.31312592593
31.0,0.2752575,-0.0294408333333,-3.42264243827
31.5,0.2749145,0.0403977777778,-3.39781728395
32.050000000000004,0.273371,-0.0992794444444,-3.24166759259
32.550000000000004,0.274743,-0.0313463888889,-3.37532114198
33.050000000000004,0.2744,0.0364913888889,-3.34541450617
34.1,0.2738855,-0.0346811111111,-3.30338641975
34.6,0.273714,0.0314416666667,-3.2843837963
35.1,0.272342,0.0961352777778,-3.14353148148
35.650000000000006,0.273371,-0.0387780555556,-3.24897222222
36.150000000000006,0.273371,0.0269636111111,-3.24166759259
36.650000000000006,0.271999,0.0894658333333,-3.11314845679
37.2,0.2728565,-0.0417316666667,-3.19604012346
37.7,0.2728565,0.0227713888889,-3.1943462963
38.2,0.2718275,0.0850830555556,-3.0869470679
38.75,0.272342,-0.0446852777778,-3.14236697531
39.25,0.272342,0.0182933333333,-3.1471308642
39.75,0.271313,0.0805097222222,-3.04581882716
40.3,0.2718275,-0.0475436111111,-3.09393410494
40.8,0.271999,0.0139105555556,-3.10727299383
41.3,0.27097,0.0767938888889,-3.00421419753
41.85,0.271313,-0.0505925,-3.04364861111
42.35,0.2714845,0.01029,-3.05989876543
42.85,0.270627,0.0711725,-2.96605015432
43.400000000000006,0.2707985,-0.053165,-2.99193395062
43.900000000000006,0.2711415,0.00733638888889,-3.01517114198
44.400000000000006,0.270284,0.0669802777778,-2.93508487654
44.95,0.270284,-0.0555469444444,-2.93757268519
45.45,0.270627,0.00409694444444,-2.97631898148
45.95,0.269941,0.0625022222222,-2.9025845679
46.5,0.2697695,-0.0581194444444,-2.89189228395
47.0,0.270284,-0.000762222222222,-2.94148966049
47.5,0.269598,0.05831,-2.87204274691
48.05,0.269255,-0.0609777777778,-2.84023055556
48.55,0.2697695,-0.00409694444444,-2.89321558642
49.05,0.269255,0.0550705555556,-2.838325
49.6,0.2687405,-0.0626927777778,-2.77983503086
50.1,0.2694265,-0.00676472222222,-2.85690416667
50.6,0.2687405,0.0504972222222,-2.78740432099
51.150000000000006,0.268226,-0.0645983333333,-2.73240787037
51.650000000000006,0.268912,-0.00819388888889,-2.79873179012
52.150000000000006,0.2683975,0.0472577777778,-2.74987546296
52.7,0.2677115,-0.0648841666667,-2.69392623457
53.2,0.2683975,-0.00981361111111,-2.76152052469
53.7,0.267883,0.0453522222222,-2.71636944444
54.25,0.2677115,-0.0686,-2.67878765432
54.75,0.2683975,-0.0129577777778,-2.74664660494
55.25,0.2680545,0.0412552777778,-2.72033935185
55.8,0.267197,-0.0721252777778,-2.6412587963
56.3,0.2680545,-0.0201988888889,-2.71700462963
56.8,0.26754,0.0354433333333,-2.67667037037
57.35,0.2666825,-0.0760316666667,-2.58356280864
57.85,0.26754,-0.0224855555556,-2.67074197531
58.35,0.267197,0.0302030555556,-2.63744768519
58.900000000000006,0.266168,-0.0775561111111,-2.53179521605
59.400000000000006,0.2670255,-0.025725,-2.62580262346
59.900000000000006,0.266854,0.0265825,-2.59743101852
60.400000000000006,0.265825,0.0772702777778,-2.50421759259
60.95,0.2666825,-0.0292502777778,-2.58340401235
61.45,0.266511,0.0223902777778,-2.56598935185
61.95,0.265482,0.0732686111111,-2.46727098765
62.5,0.266168,-0.0289644444444,-2.53343611111
63.0,0.266168,0.0217233333333,-2.53486527778
64.05,0.2659965,-0.0336330555556,-2.52316728395
64.55,0.266168,0.0158161111111,-2.54391666667
65.05,0.2653105,0.0652652777778,-2.45207947531
65.60000000000001,0.2656535,-0.0384922222222,-2.47838672839
66.10000000000001,0.2656535,0.0115286111111,-2.4910904321
66.60000000000001,0.264796,0.0599297222222,-2.40237623457
67.15,0.265139,-0.0413505555556,-2.43392376543
67.65,0.2653105,0.0077175,-2.45319104938
68.15,0.2646245,0.0564044444444,-2.38046234568
68.7,0.2646245,-0.0424938888889,-2.3795095679
69.2,0.2649675,0.00438277777778,-2.41608564815
69.7,0.2642815,0.0547847222222,-2.34986759259
70.25,0.2646245,-0.0437325,-2.3710404321
70.75,0.2649675,0.00114333333333,-2.41767361111
71.25,0.264453,0.0487822222222,-2.35971296296
71.8,0.26411,-0.0494491666667,-2.31869058642
72.3,0.264453,-0.00409694444444,-2.36468858025
72.8,0.2639385,0.0432561111111,-2.3150912037
73.35000000000001,0.263424,-0.0535461111111,-2.26448811728
73.85000000000001,0.2639385,-0.00733638888889,-2.32509537037
74.35000000000001,0.2635955,0.0401119444444,-2.2808441358
74.9,0.2629095,-0.0529744444444,-2.21928410494
75.4,0.2635955,-0.00800333333333,-2.28698425926
75.9,0.2635955,0.0380158333333,-2.2722162037
76.45,0.2629095,-0.0576430555556,-2.21864891975
76.95,0.2635955,-0.0136247222222,-2.27957376543
77.45,0.2632525,0.0309652777778,-2.23923950617
78.0,0.262395,-0.0613588888889,-2.1610587963
78.5,0.263081,-0.0177216666667,-2.22383626543
79.0,0.2629095,0.0268683333333,-2.21314398148
79.55,0.2618805,-0.0630738888889,-2.10442145062
80.05,0.2625665,-0.0183886111111,-2.18307854938
80.55,0.2629095,0.0261061111111,-2.1992757716
81.05,0.2618805,0.0678377777778,-2.10855015432
81.60000000000001,0.2625665,-0.0242005555556,-2.17963796296
82.10000000000001,0.262395,0.0191508333333,-2.16719891975
82.60000000000001,0.2615375,0.0607872222222,-2.07414429012
83.15,0.2622235,-0.0282022222222,-2.13639243827
83.65,0.262052,0.0161019444444,-2.12522376543
84.15,0.2611945,0.0575477777778,-2.03756820988
84.7,0.261709,-0.02744,-2.100875
85.2,0.262052,0.0140058333333,-2.11897777778
85.7,0.261366,0.0530697222222,-2.06355787037
86.25,0.2615375,-0.0343952777778,-2.07970216049
86.75,0.2615375,0.00733638888889,-2.0925117284
87.25,0.2608515,0.0477341666667,-2.02280015432
87.8,0.261023,-0.0372536111111,-2.02867561728
88.3,0.2611945,0.00400166666667,-2.04587854938
88.8,0.26068,0.0470672222222,-2.0021037037
89.35000000000001,0.261023,-0.0393497222222,-2.03370416667
89.85000000000001,0.2611945,0.000285833333333,-2.04841929012
90.35,0.26068,0.0401119444444,-1.99405802469
90.9,0.2605085,-0.0432561111111,-1.97886651235
91.4,0.26068,-0.00304888888889,-2.0022095679
91.9,0.260337,0.0375394444444,-1.95705848765
92.45,0.260337,-0.0437325,-1.95859351852
92.95,0.26068,-0.00533555555556,-2.00840262346
93.45,0.260337,0.0328708333333,-1.96738024691
94.0,0.2598225,-0.0490680555556,-1.91169567901
94.5,0.2601655,-0.01029,-1.95187114198
95.0,0.259994,0.0287738888889,-1.9251404321
95.55,0.259308,-0.0485916666667,-1.86765617284
96.05,0.2601655,-0.0106711111111,-1.94377253086
96.55,0.2601655,0.0252486111111,-1.94477824074
97.1,0.259308,-0.0540225,-1.8566462963
97.6,0.2598225,-0.0167688888889,-1.91323070988
98.1,0.259651,0.0208658333333,-1.8951279321
98.65,0.2587935,-0.0560233333333,-1.80313194444
99.15,0.259308,-0.01715,-1.87448441358
99.65,0.259651,0.0203894444444,-1.89311651235
100.15,0.2587935,0.0546894444444,-1.8220287037
100.7,0.259308,-0.0237241666667,-1.86453317901
101.2,0.259308,0.0138152777778,-1.85849891975
101.7,0.2584505,0.0500208333333,-1.77460154321
102.25,0.258965,-0.0232477777778,-1.82763950617
102.75,0.259308,0.0130530555556,-1.85108842593
103.25,0.258622,0.0472577777778,-1.8005912037
103.8,0.2587935,-0.0295361111111,-1.81308317901
104.3,0.258965,0.00724111111111,-1.82462237654
104.8,0.258279,0.0422080555556,-1.75480493827
105.35,0.258279,-0.0290597222222,-1.76592067901
105.85,0.258965,0.00657416666667,-1.81287145062
106.35,0.2584505,0.0396355555556,-1.77544845679
106.9,0.258279,-0.0346811111111,-1.75136435185
107.4,0.258622,0.0,-1.78301774691
107.9,0.2581075,0.0358244444444,-1.7319912037
108.45,0.258279,-0.0347763888889,-1.7448537037
108.95,0.258622,-0.00181027777778,-1.78815216049
109.45,0.2581075,0.0320133333333,-1.73940169753
110.0,0.2577645,-0.0413505555556,-1.69853811728
110.5,0.258279,-0.00590722222222,-1.74654753086
111.0,0.2577645,0.0289644444444,-1.69499166667
111.55,0.2577645,-0.0422080555556,-1.70234922839
112.05,0.2581075,-0.00886083333333,-1.74114845679
112.55,0.2577645,0.0252486111111,-1.70081419753
113.1,0.25725,-0.0459238888889,-1.65095216049
113.6,0.2577645,-0.0111475,-1.69006898148
114.1,0.2577645,0.0244863888889,-1.69615617284
114.65,0.2570785,-0.0479247222222,-1.6377191358
115.15,0.257593,-0.0160066666667,-1.69239799383
115.65,0.2574215,0.0179122222222,-1.66873734568
116.7,0.257593,-0.0155302777778,-1.67688888889
117.2,0.2574215,0.0158161111111,-1.6763066358
117.7,0.2567355,0.0466861111111,-1.6033662037
118.25,0.2570785,-0.0221997222222,-1.64094799383
118.75,0.256907,0.0125766666667,-1.6250683642
119.8,0.2570785,-0.0247722222222,-1.63861898148
120.3,0.256907,0.00762222222222,-1.62665632716
120.8,0.2563925,0.0399213888889,-1.57197746914
121.35,0.2563925,-0.0260108333333,-1.5733537037
121.85,0.256907,0.00695527777778,-1.61855771605
122.35,0.2563925,0.0365866666667,-1.58611033951
122.9,0.2563925,-0.0302030555556,-1.56991311728
123.4,0.2563925,0.00142916666667,-1.57690015432
123.9,0.2560495,0.0333472222222,-1.53143148148
124.45,0.256221,-0.0320133333333,-1.56308487654
124.95,0.2563925,-0.00228666666667,-1.58372839506
125.45,0.2560495,0.0284880555556,-1.54704645062
126.0,0.2557065,-0.0348716666667,-1.50237175926
126.5,0.2560495,-0.00209611111111,-1.5521808642
127.0,0.2560495,0.0261061111111,-1.55048703704
127.55,0.255535,-0.0379205555556,-1.49691975309
128.04999999999998,0.255878,-0.00847972222222,-1.52841435185
128.54999999999998,0.2557065,0.0228666666667,-1.50253055556
129.1,0.255535,-0.0406836111111,-1.49718441358
129.6,0.255878,-0.0116238888889,-1.54027114198
130.1,0.2557065,0.0181980555556,-1.50724151235
130.64999999999998,0.2550205,-0.0425891666667,-1.43578317901
131.14999999999998,0.255878,-0.0113380555556,-1.51846311728
131.64999999999998,0.2557065,0.0158161111111,-1.51925709877
132.14999999999998,0.2550205,0.0442088888889,-1.43970015432
132.7,0.2553635,-0.0174358333333,-1.47362962963
133.2,0.2553635,0.0145775,-1.47955802469
133.7,0.2550205,0.0412552777778,-1.44652839506
134.25,0.2553635,-0.0207705555556,-1.47871111111
134.75,0.2553635,0.00886083333333,-1.46987145062
135.25,0.2546775,0.0383016666667,-1.4019066358
135.79999999999998,0.255192,-0.0217233333333,-1.4707712963
136.29999999999998,0.2553635,0.00571666666667,-1.46992438272
136.79999999999998,0.2546775,0.0350622222222,-1.41318117284
137.35,0.254849,-0.0231525,-1.42270895062
137.85,0.2553635,0.00533555555556,-1.45875570988
138.35,0.254849,0.0313463888889,-1.42207376543
138.89999999999998,0.2546775,-0.029155,-1.40460617284
139.39999999999998,0.254849,0.000666944444444,-1.41588070988
139.89999999999998,0.254849,0.03087,-1.41609243827
140.45,0.254506,-0.0314416666667,-1.39375509259
140.95,0.254849,-0.00381111111111,-1.42276188272
141.45,0.2543345,0.025725,-1.37247638889
142.0,0.254506,-0.0332519444444,-1.39656049383
142.5,0.254849,-0.00647888888889,-1.42493209877
143.0,0.2543345,0.0217233333333,-1.37485833333
143.54999999999998,0.25382,-0.0335377777778,-1.33865277778
144.04999999999998,0.2546775,-0.00533555555556,-1.40661759259
144.54999999999998,0.2543345,0.0190555555556,-1.38634459877
145.1,0.25382,-0.0385875,-1.32430817901
145.6,0.254163,-0.00828916666667,-1.36294861111
146.1,0.2543345,0.0186744444444,-1.37718734568
147.14999999999998,0.254163,-0.0145775,-1.35342083333
147.64999999999998,0.25382,0.0155302777778,-1.34151111111
148.14999999999998,0.2536485,0.04116,-1.30890493827
148.7,0.2539915,-0.0180075,-1.3461162037
149.2,0.25382,0.00914666666667,-1.32769583333
149.75,0.253477,-0.042875,-1.2817507716
150.25,0.2539915,-0.0194366666667,-1.34569274691
150.75,0.25382,0.00609777777778,-1.3291779321
151.25,0.2533055,0.0316322222222,-1.27296404321
151.79999999999998,0.25382,-0.0191508333333,-1.31747993827
152.29999999999998,0.25382,0.00343,-1.32970725309
152.79999999999998,0.253477,0.0293455555556,-1.28662052469
153.35,0.2533055,-0.0228666666667,-1.28042746914
153.85,0.25382,0.0008575,-1.32859567901
154.35,0.253477,0.0262013888889,-1.28826141975
154.89999999999998,0.2533055,-0.0268683333333,-1.26947052469
155.39999999999998,0.2533055,0.000762222222222,-1.28085092593
155.89999999999998,0.253477,0.0243911111111,-1.29609537037
156.45,0.253134,-0.0302030555556,-1.25343209877
156.95,0.2533055,-0.00466861111111,-1.26295987654
157.45,0.253477,0.0232477777778,-1.28000401235
158.0,0.2529625,-0.0327755555556,-1.24263395062
158.5,0.253134,-0.00724111111111,-1.2520558642
159.0,0.2529625,0.0203894444444,-1.24273981481
159.54999999999998,0.2529625,-0.0341094444444,-1.2390345679
160.04999999999998,0.253134,-0.0103852777778,-1.25290277778
160.54999999999998,0.2529625,0.0155302777778,-1.23024783951
161.1,0.252791,-0.0352527777778,-1.226225
161.6,0.2529625,-0.0122908333333,-1.24131064815
162.1,0.2529625,0.0121002777778,-1.23543518519
162.64999999999998,0.2526195,-0.0363961111111,-1.19928256173
163.14999999999998,0.2529625,-0.0148633333333,-1.24099305556
163.64999999999998,0.2529625,0.00981361111111,-1.23342376543
164.14999999999998,0.2522765,0.0345858333333,-1.16233595679
164.7,0.252791,-0.0162925,-1.23151820988
165.2,0.252791,0.00695527777778,-1.22818348765
165.7,0.2522765,0.0309652777778,-1.16911126543
166.25,0.252791,-0.01715,-1.21383888889
166.75,0.252791,0.00343,-1.22331373457
167.25,0.2522765,0.0278211111111,-1.17731574074
167.79999999999998,0.2522765,-0.0200083333333,-1.18181496914
168.29999999999998,0.252791,0.00238194444444,-1.22326080247
168.79999999999998,0.2522765,0.0249627777778,-1.16900540123
169.35,0.252105,-0.0216280555556,-1.16535308642
169.85,0.2526195,-0.000476388888889,-1.21209212963
170.35,0.2522765,0.0220091666667,-1.17101682099
170.89999999999998,0.2519335,-0.0262013888889,-1.13295864198
171.39999999999998,0.2526195,-0.0008575,-1.19737700617
171.89999999999998,0.2522765,0.0194366666667,-1.1792212963
172.45,0.251762,-0.0290597222222,-1.11395601852
172.95,0.252448,-0.00371583333333,-1.17832145062
173.45,0.252105,0.0165783333333,-1.16127731481
174.0,0.251762,-0.0316322222222,-1.11570277778
174.5,0.2519335,-0.00628833333333,-1.14439197531
175.0,0.252105,0.0150538888889,-1.1663587963
175.54999999999998,0.2515905,-0.0331566666667,-1.09648842593
176.04999999999998,0.2519335,-0.00847972222222,-1.13941635802
176.54999999999998,0.252105,0.0116238888889,-1.16037746914
177.6,0.251762,-0.0110522222222,-1.123325
178.1,0.252105,0.00847972222222,-1.15397268519
178.6,0.251419,0.0301077777778,-1.09638256173
179.14999999999998,0.2515905,-0.0156255555556,-1.09934675926
179.64999999999998,0.2519335,0.0077175,-1.14391558642
180.15,0.2515905,0.0272494444444,-1.09659429012
180.7,0.251762,-0.0181027777778,-1.09119521605
181.2,0.252105,0.00647888888889,-1.13459953704
181.7,0.2515905,0.0252486111111,-1.0932066358
182.25,0.2515905,-0.0201988888889,-1.07960308642
182.75,0.2519335,0.00371583333333,-1.12009614198
183.25,0.2515905,0.0223902777778,-1.09220092593
183.8,0.251419,-0.0229619444444,-1.06515262346
184.3,0.251762,0.001715,-1.11316203704
184.8,0.251419,0.0192461111111,-1.07732700617
185.35,0.2512475,-0.0245816666667,-1.05017283951
185.85,0.2515905,-0.001715,-1.09426527778
186.35,0.251419,0.0163877777778,-1.07780339506
186.9,0.251076,-0.0271541666667,-1.03619876543
187.4,0.2515905,-0.00371583333333,-1.09087762346
187.9,0.2512475,0.0146727777778,-1.0675345679
188.95,0.251419,-0.00914666666667,-1.0891308642
189.45,0.2512475,0.0108616666667,-1.0676933642
190.5,0.2512475,-0.01029,-1.08045
191.0,0.251076,0.00895611111111,-1.05536018519
191.5,0.2505615,0.0305841666667,-0.995652777778
192.05,0.251076,-0.0136247222222,-1.06425277778
192.55,0.251076,0.00695527777778,-1.05403688272
193.05,0.2505615,0.0276305555556,-0.992370987654
193.6,0.2509045,-0.0161972222222,-1.04345046296
194.1,0.2509045,0.00323944444444,-1.0332345679
195.15,0.2509045,-0.0178169444444,-1.03847484568
195.65,0.2509045,0.00181027777778,-1.02402438272
196.7,0.250733,-0.0208658333333,-1.01417901235
197.2,0.250733,-0.000190555555556,-1.00893873457
197.7,0.2509045,0.0225808333333,-1.01947222222
198.25,0.2505615,-0.0224855555556,-0.996658487654
198.75,0.250733,-0.00209611111111,-1.00068132716
199.25,0.250733,0.0200083333333,-1.00634506173
199.8,0.25039,-0.0253438888889,-0.975115123457
200.3,0.2505615,-0.00238194444444,-1.00179290123
200.8,0.250733,0.0155302777778,-1.0159257716
201.35,0.2502185,-0.0264872222222,-0.958547376543
201.85,0.25039,-0.00495444444444,-0.979773148148
202.35,0.2505615,0.0128625,-0.999781481482
203.4,0.250733,-0.00666944444444,-1.00502175926
203.9,0.2505615,0.0101947222222,-0.993112037037
204.95,0.2505615,-0.0111475,-0.998246450617
205.45,0.25039,0.00733638888889,-0.977655864197
206.0,0.250047,-0.0302983333333,-0.938697839506
206.5,0.25039,-0.01372,-0.985807407407
207.0,0.2502185,0.00476388888889,-0.9604
207.55,0.2498755,-0.0319180555556,-0.925888271605
208.05,0.2502185,-0.0163877777778,-0.962358487654
208.55,0.250047,0.00390638888889,-0.946743518519
209.05,0.250047,0.0245816666667,-0.946902314815
209.6,0.250047,-0.0178169444444,-0.94155617284
210.1,0.250047,0.00371583333333,-0.953148302469
210.6,0.250047,0.0194366666667,-0.947749228395
211.15,0.2498755,-0.0197225,-0.917895524691
211.65,0.2502185,0.001715,-0.965799074074
212.15,0.2498755,0.0162925,-0.935151388889
212.7,0.249704,-0.018865,-0.917630864197
213.2,0.250047,-0.00333472222222,-0.959235493827
213.7,0.2498755,0.0146727777778,-0.926258796296
214.25,0.2498755,-0.0216280555556,-0.923876851852
214.75,0.250047,-0.00590722222222,-0.953465895062
215.25,0.249704,0.0128625,-0.907097376543
215.8,0.249704,-0.0258202777778,-0.920806790124
216.3,0.2498755,-0.00781277777778,-0.926735185185
216.8,0.2495325,0.0129577777778,-0.902015895062
217.85,0.249704,-0.00952777777778,-0.89735787037
218.35,0.2498755,0.0110522222222,-0.927158641975
218.85,0.249361,0.0252486111111,-0.88020787037
219.4,0.2495325,-0.0094325,-0.903233333333
219.9,0.249704,0.00504972222222,-0.923241666667
220.4,0.249361,0.0236288888889,-0.872162191358
220.95,0.249704,-0.0113380555556,-0.912655246913
221.45,0.249704,0.00314416666667,-0.906250462963
221.95,0.2491895,0.0215327777778,-0.854800462963
222.5,0.2495325,-0.0161972222222,-0.899051697531
223.0,0.2495325,0.001715,-0.891905864198
223.5,0.2495325,0.0216280555556,-0.891747067901
224.05,0.249361,-0.0189602777778,-0.87592037037
224.55,0.249361,0.00200083333333,-0.883913117284
225.05,0.249361,0.0174358333333,-0.889788580247
225.6,0.2491895,-0.0192461111111,-0.847019444444
226.1,0.2495325,-0.000762222222222,-0.89052962963
226.6,0.249361,0.0138152777778,-0.87380308642
227.15,0.2488465,-0.0197225,-0.841885030864
227.65,0.249361,-0.00552611111111,-0.88581867284
228.15,0.249018,0.0117191666667,-0.847125308642
228.7,0.249018,-0.0230572222222,-0.863534259259
229.2,0.2491895,-0.0077175,-0.862952006173
229.7,0.249018,0.0125766666667,-0.851148148148
230.75,0.249018,-0.0094325,-0.840244135802
231.25,0.249361,0.00809861111111,-0.880472530864
232.3,0.2491895,-0.0094325,-0.85580617284
232.8,0.249018,0.00524027777778,-0.849030864198
233.3,0.2485035,0.0227713888889,-0.79191712963
233.85,0.249018,-0.0136247222222,-0.853688888889
234.35,0.2488465,0.00304888888889,-0.831510339506
234.85,0.2488465,0.0228666666667,-0.829922376543
235.4,0.248675,-0.0162925,-0.821294444444
235.9,0.248675,0.00362055555556,-0.828599074074
236.4,0.248675,0.0168641666667,-0.823993981481
236.95,0.2485035,-0.0169594444444,-0.795145987654
237.45,0.249018,-0.0008575,-0.852841975309
237.95,0.2485035,0.0148633333333,-0.800650925926
238.5,0.248675,-0.0167688888889,-0.818965432099
239.0,0.248675,-0.00409694444444,-0.823782253086
239.5,0.2485035,0.0158161111111,-0.802927006173
240.05,0.2485035,-0.0210563888889,-0.80605
240.55,0.2485035,-0.00409694444444,-0.793399228395
241.05,0.248675,0.0113380555556,-0.823358796296
242.1,0.248675,-0.00485916666667,-0.817059876543
242.6,0.2485035,0.00800333333333,-0.80133904321
243.65,0.248675,-0.00914666666667,-0.819018364198
244.15,0.248332,0.00686,-0.777466666667
244.65,0.248332,0.0220091666667,-0.790752623457
245.2,0.248332,-0.0116238888889,-0.780589660494
245.7,0.248675,0.00781277777778,-0.812190123457
246.2,0.2481605,0.0192461111111,-0.764127777778
246.75,0.2485035,-0.0109569444444,-0.796151697531
247.25,0.248332,0.00276305555556,-0.794987191358
247.75,0.247989,0.0183886111111,-0.751053549383
248.3,0.248332,-0.0158161111111,-0.790117438272
248.8,0.2481605,0.000762222222222,-0.765874537037
249.3,0.248332,0.0166736111111,-0.792816975309
249.85,0.247989,-0.0164830555556,-0.758675771605
250.35,0.248332,0.001715,-0.789588117284
250.85,0.2481605,0.0133388888889,-0.763757253086
251.4,0.248332,-0.0156255555556,-0.772067592593
251.9,0.2481605,-0.00323944444444,-0.774872993827
252.4,0.247989,0.0125766666667,-0.74644845679
252.95,0.247989,-0.0202941666667,-0.757828858025
253.45,0.247989,-0.00476388888889,-0.746766049383
253.95,0.2481605,0.0100994444444,-0.776302160494
254.5,0.2478175,-0.0213422222222,-0.719135493827
255.0,0.248332,-0.00657416666667,-0.783077469136
255.5,0.2481605,0.00733638888889,-0.759205092593
256.05,0.247989,-0.0213422222222,-0.734644598766
256.55,0.247989,-0.00905138888889,-0.747824691358
257.05,0.2478175,0.00933722222222,-0.733427160494
257.55,0.2478175,0.02058,-0.733215432099
258.1,0.2478175,-0.00733638888889,-0.736444290124
258.6,0.247989,0.00419222222222,-0.759205092593
259.1,0.247646,0.0187697222222,-0.704526234568
259.65,0.247989,-0.0123861111111,-0.758675771605
260.15,0.2478175,0.00266777777778,-0.7331625
260.65,0.2478175,0.0187697222222,-0.736020833333
261.2,0.247646,-0.01372,-0.715377314815
261.7,0.247989,0.00247722222222,-0.75242978395
262.2,0.247646,0.0145775,-0.718606172839
262.75,0.2478175,-0.0130530555556,-0.728557407407
263.25,0.2478175,-0.001715,-0.734962191358
263.75,0.2474745,0.0155302777778,-0.708919598765
264.3,0.2474745,-0.0180075,-0.707119907408
264.8,0.2474745,-0.0008575,-0.717071141975
265.3,0.247646,0.0106711111111,-0.729986574074
265.85,0.247303,-0.0167688888889,-0.692669444445
266.35,0.2478175,-0.00552611111111,-0.733268364198
266.85,0.2474745,0.00962305555556,-0.693092901235
267.9,0.2474745,-0.00666944444444,-0.691346141975
268.4,0.2478175,0.00714583333333,-0.73443287037
268.9,0.247303,0.0206752777778,-0.671814197531
269.45,0.247646,-0.00800333333333,-0.728133950617
269.95,0.2474745,0.00562138888889,-0.699074228395
270.45,0.2474745,0.0216280555556,-0.690922685185
271.0,0.2474745,-0.0103852777778,-0.690763888889
271.5,0.2478175,0.00562138888889,-0.720352932099
272.0,0.247303,0.01715,-0.676842746913
272.55,0.247646,-0.00971833333334,-0.703679320988
273.05,0.2474745,0.00152444444444,-0.696110030864
274.1,0.247303,-0.0147680555556,-0.681500771605
274.6,0.247303,0.00238194444445,-0.68817021605
275.1,0.247303,0.0124813888889,-0.686793981482
275.65,0.2471315,-0.0126719444444,-0.67054382716
276.15,0.2474745,-0.00152444444444,-0.702885339506
276.65,0.2471315,0.0113380555556,-0.656040432099
277.2,0.2471315,-0.0165783333333,-0.674143209876
277.7,0.247303,-0.0008575,-0.679806944444
278.2,0.247303,0.00914666666667,-0.683247530864
278.75,0.24696,-0.0159113888889,-0.650270833333
279.25,0.2474745,-0.00562138888889,-0.697539197531
279.75,0.2471315,0.00809861111111,-0.654558333333
280.8,0.2471315,-0.00571666666667,-0.658845833333
281.3,0.247303,0.00676472222222,-0.693886882716
281.8,0.24696,0.0199130555556,-0.633967746914
282.35,0.247303,-0.00876555555556,-0.681818364198
282.85,0.2471315,0.005145,-0.650535493827
283.35,0.2471315,0.0182933333333,-0.669326388889
283.9,0.24696,-0.00990888888889,-0.639896141975
284.4,0.247303,0.00266777777778,-0.689228858025
284.9,0.24696,0.0152444444444,-0.645189351852
285.45,0.2471315,-0.0121002777778,-0.660486728395
285.95,0.24696,0.00200083333333,-0.642913271605
286.45,0.2471315,0.0141963888889,-0.671020216049
287.0,0.24696,-0.0136247222222,-0.625181018518
287.5,0.247303,-0.000571666666666,-0.67229058642
288.0,0.24696,0.0125766666667,-0.62338132716
288.55,0.24696,-0.0158161111111,-0.644554166667
289.05,0.24696,-0.00209611111111,-0.637937654321
289.55,0.2471315,0.0100994444444,-0.66927345679
290.1,0.2467885,-0.0142916666667,-0.62470462963
290.6,0.2471315,-0.0042875,-0.660275
291.1,0.2467885,0.00847972222222,-0.623010802469
292.15,0.2467885,-0.00276305555556,-0.63110941358
292.65,0.24696,0.00714583333333,-0.6474125
293.7,0.24696,-0.00752694444444,-0.647730092592
294.2,0.2467885,0.00809861111111,-0.628039351852
294.7,0.2467885,0.0169594444444,-0.623169598765
295.25,0.2467885,-0.00657416666667,-0.627933487654
295.75,0.24696,0.00304888888889,-0.639896141975
296.3,0.2467885,-0.0201036111111,-0.610254166667
296.8,0.24696,-0.0107663888889,-0.631479938272
297.3,0.246617,0.00485916666667,-0.620046604938
297.8,0.246617,0.0134341666667,-0.610307098766
298.35,0.2467885,-0.00952777777778,-0.626345524691
298.85,0.2467885,-0.000381111111111,-0.626716049383
299.35,0.2467885,0.0151491666667,-0.621369907408
299.9,0.246617,-0.0145775,-0.603637654321
300.4,0.24696,0.001715,-0.642383950617
300.9,0.246617,0.0103852777778,-0.603161265432
301.45,0.246617,-0.0143869444444,-0.624281172839
301.95,0.246617,-0.00390638888889,-0.611524537037
302.45,0.2467885,0.00971833333333,-0.632432716049
303.0,0.246274,-0.0160066666667,-0.573413425926
303.5,0.246617,-0.00476388888889,-0.630103703704
304.0,0.2464455,0.00838444444444,-0.59125154321
304.55,0.2464455,-0.0178169444444,-0.600514660494
305.05,0.2464455,-0.00371583333333,-0.600779320988
305.55,0.246617,0.00476388888889,-0.615653240741
306.6,0.246617,-0.00895611111111,-0.607237037037
307.1,0.2464455,0.00657416666667,-0.600726388889
307.6,0.2464455,0.0156255555556,-0.586170061729
308.15,0.246617,-0.00666944444444,-0.606919444444
308.65,0.2464455,0.00266777777778,-0.591886728395
309.15,0.246617,0.0168641666667,-0.60025
309.7,0.2464455,-0.00990888888889,-0.574207407407
310.2,0.2467885,0.00104805555556,-0.619411419753
310.7,0.246274,0.012005,-0.568173148148
311.25,0.2464455,-0.0121002777778,-0.589451851852
311.75,0.2464455,-0.0008575,-0.578177314815
312.25,0.2464455,0.0103852777778,-0.591092746914
312.8,0.2461025,-0.0114333333333,-0.561980092593
313.3,0.2464455,-0.00190555555556,-0.601361574074
313.8,0.2461025,0.0114333333333,-0.567749691358
314.85,0.246617,-0.00123861111111,-0.60067345679
315.35,0.246274,0.00628833333333,-0.572407716049
316.4,0.246274,-0.00533555555555,-0.570396296296
316.9,0.246274,0.00638361111111,-0.588869598765
317.4,0.245931,0.0173405555556,-0.533714351852
317.95,0.246274,-0.00752694444444,-0.588922530864
318.45,0.245931,0.00686,-0.55864537037
318.95,0.2461025,0.0152444444444,-0.565367746913
319.5,0.2464455,-0.00647888888889,-0.585852469136
320.0,0.246274,0.00181027777778,-0.575107253086
320.5,0.246274,0.0159113888889,-0.56467962963
321.05,0.2461025,-0.00952777777778,-0.543400925926
321.55,0.246274,0.000762222222222,-0.584158641975
322.05,0.245931,0.0125766666667,-0.534031944445
322.6,0.2461025,-0.0116238888889,-0.566743981482
323.1,0.245931,0.00209611111111,-0.553987345679
323.6,0.2461025,0.00952777777778,-0.562138888889
324.15,0.2461025,-0.00990888888889,-0.556581018518
324.65,0.2461025,-0.00238194444444,-0.555839969136
325.15,0.2464455,0.0110522222222,-0.568120216049
325.7,0.245931,-0.0140058333333,-0.526409722222
326.2,0.2461025,-0.00343,-0.570025771605
326.7,0.245931,0.00724111111111,-0.532602777778
327.25,0.245931,-0.0155302777778,-0.54191882716
327.75,0.2457595,-0.00247722222222,-0.537313734568
328.25,0.2461025,0.00562138888889,-0.558010185185
329.3,0.245931,-0.00714583333333,-0.534137808642
329.8,0.2461025,0.00476388888889,-0.562827006173
330.3,0.2457595,0.015435,-0.506083796296
330.85,0.245931,-0.00876555555556,-0.547688425926
331.35,0.2457595,0.00495444444445,-0.52995617284
331.85,0.2457595,0.0132436111111,-0.530167901235
332.4,0.245931,-0.00657416666667,-0.542183487654
332.9,0.2457595,0.000571666666667,-0.527468364197
333.4,0.245931,0.0140058333333,-0.542130555556
333.95,0.245588,-0.0100041666667,-0.508306944444
334.45,0.245931,-0.000190555555555,-0.553563888889
335.5,0.245588,-0.0121002777778,-0.516934876543
336.0,0.245931,0.000762222222222,-0.545729938272
336.5,0.245588,0.00876555555555,-0.517728858025
337.05,0.2457595,-0.0127672222222,-0.539219290124
337.55,0.245588,-0.00333472222222,-0.508306944445
338.05,0.2457595,0.00714583333333,-0.538901697531
338.6,0.2457595,-0.0123861111111,-0.519528549383
339.1,0.2457595,-0.00552611111111,-0.523710185185
339.6,0.245931,0.00809861111111,-0.540383796296
340.65,0.2457595,-0.00686,-0.534296604938
341.15,0.245588,0.00686,-0.51619382716
341.65,0.245588,0.0136247222222,-0.508995061728
342.2,0.2457595,-0.00495444444444,-0.527203703704
342.7,0.245588,0.00181027777778,-0.506613117284
343.2,0.245588,0.01372,-0.522439814815
343.75,0.2454165,-0.00562138888889,-0.503543055556
344.25,0.245588,0.00142916666667,-0.52005787037
344.8,0.2454165,-0.0172452777778,-0.493327160494
345.3,0.2454165,-0.0100994444444,-0.492162654321
345.8,0.2457595,0.000381111111111,-0.533714351852
346.3,0.2454165,0.0100041666667,-0.481682098765
346.85,0.2454165,-0.0117191666667,-0.507460030864
347.35,0.245245,0.0008575,-0.493803549383
347.85,0.2454165,0.00762222222222,-0.500049537037
348.4,0.2454165,-0.0115286111111,-0.509630246914
348.9,0.245245,-0.00219138888889,-0.4802
349.4,0.2454165,0.00695527777778,-0.516987808642
349.95,0.2450735,-0.0113380555556,-0.474536265432
350.45,0.2454165,-0.00438277777778,-0.494703395062
350.95,0.245588,0.00809861111111,-0.512912037037
352.0,0.2454165,-0.00590722222222,-0.512912037037
352.5,0.2450735,0.00686,-0.479141358025
353.55,0.2454165,-0.00409694444445,-0.502960802469
354.05,0.245245,0.00276305555556,-0.478717901235
354.55,0.245245,0.0125766666667,-0.494227006173
355.1,0.2450735,-0.00533555555556,-0.472948302469
355.6,0.245245,0.00152444444444,-0.488827932099
356.1,0.245245,0.0139105555556,-0.480464660494
356.65,0.2450735,-0.00828916666667,-0.458391975309
357.15,0.2454165,-9.52777777778e-05,-0.502166820988
357.7,0.2450735,-0.01715,-0.461356172839
358.2,0.2450735,-0.0112427777778,-0.465326080247
358.7,0.2454165,-0.000571666666667,-0.504813425926
359.2,0.2450735,0.00924194444444,-0.459080092593
359.75,0.2450735,-0.012005,-0.474536265432
360.25,0.2450735,-0.000476388888889,-0.472577777778
360.75,0.2450735,0.00743166666667,-0.464108641975
361.3,0.245245,-0.0124813888889,-0.48792808642
361.8,0.2450735,-0.0025725,-0.45833904321
362.3,0.245245,0.00552611111111,-0.482899537037
362.85,0.245245,-0.0111475,-0.473848148148
363.35,0.2450735,-0.00552611111111,-0.460985648148
363.85,0.245245,0.0042875,-0.489568981482
364.9,0.2450735,-0.00619305555555,-0.460615123457
365.4,0.245245,0.00562138888889,-0.475859567901
365.9,0.244902,0.012005,-0.441559567901
366.45,0.2450735,-0.00752694444444,-0.469719444444
366.95,0.244902,0.00400166666667,-0.458074382716
367.45,0.244902,0.0101947222222,-0.453257561728
368.0,0.2450735,-0.00819388888889,-0.474747993827
368.5,0.244902,0.00190555555556,-0.443888580247
369.0,0.2450735,0.00914666666667,-0.465273148148
369.55,0.2450735,-0.00781277777778,-0.467390432099
370.05,0.2450735,-0.000571666666667,-0.452675308642
370.55,0.2450735,0.00838444444445,-0.473160030864
371.1,0.245245,-0.00828916666667,-0.466014197531
371.6,0.2450735,-0.00266777777778,-0.461832561728
372.1,0.2450735,0.0094325,-0.464214506173
372.65,0.2447305,-0.00981361111111,-0.429385185185
373.15,0.2450735,-0.00314416666667,-0.468449074074
373.65,0.245245,0.00895611111111,-0.469190123457
374.7,0.2450735,-0.00466861111111,-0.464955555555
375.2,0.2447305,0.00686,-0.440871450617
375.7,0.2447305,0.0121002777778,-0.433831481481
376.25,0.2450735,-0.005145,-0.473001234568
376.75,0.2447305,0.00390638888889,-0.428802932099
377.25,0.2447305,0.0108616666667,-0.442353549383
377.8,0.2450735,-0.00495444444445,-0.460879783951
378.3,0.2447305,0.00228666666667,-0.426844444445
378.8,0.2447305,0.0104805555556,-0.439071759259
379.35,0.2450735,-0.00533555555556,-0.45320462963
379.85,0.244902,0.000190555555556,-0.440236265432
380.35,0.244902,0.00962305555556,-0.4501875
380.9,0.244559,-0.00695527777778,-0.425468209876
381.4,0.2447305,-0.00114333333333,-0.428061882716
381.9,0.244902,0.0107663888889,-0.444788425926
382.45,0.244559,-0.00790805555555,-0.417793055555
382.95,0.2447305,-0.00285833333333,-0.438330709876
383.45,0.244902,0.00971833333333,-0.447964351852
384.0,0.244559,-0.0111475,-0.409641512346
384.5,0.2447305,-0.00276305555556,-0.439706944444
385.0,0.244902,0.00819388888889,-0.440289197531
386.05,0.244902,-0.00343,-0.444364969136
387.6,0.244902,-0.00504972222222,-0.448758333333
388.1,0.244559,0.00533555555556,-0.419486882716
389.15,0.244902,-0.00543083333333,-0.45061095679
389.65,0.244559,0.00485916666667,-0.414722993827
390.15,0.2447305,0.0103852777778,-0.429385185185
390.7,0.2447305,-0.00762222222222,-0.435842901234
391.2,0.244559,0.00190555555556,-0.405301080247
391.7,0.244559,0.00876555555555,-0.41546404321
392.25,0.2447305,-0.00819388888889,-0.435101851852
392.75,0.244559,-0.000190555555555,-0.405459876543
393.25,0.2447305,0.00752694444444,-0.435578240741
393.8,0.2447305,-0.00695527777778,-0.425362345679
394.3,0.244559,-0.000952777777778,-0.403713117284
394.8,0.244559,0.00628833333333,-0.416575617284
395.35,0.2447305,-0.00819388888889,-0.420916049383
395.85,0.244559,-0.00219138888889,-0.402389814815
396.35,0.244559,0.00552611111111,-0.419433950617
396.9,0.244559,-0.0094325,-0.413929012346
397.4,0.244559,-0.00343,-0.39789058642
397.9,0.2447305,0.00457333333333,-0.427638425926
398.45,0.244559,-0.00981361111111,-0.406200925926
398.95,0.244559,-0.00495444444444,-0.39614382716
399.45,0.244559,0.00304888888889,-0.417951851852
400.0,0.244559,-0.0111475,-0.405777469136
400.5,0.2443875,-0.00543083333333,-0.389527314815
401.0,0.2447305,0.00142916666667,-0.43044382716
401.55,0.244559,-0.0126719444444,-0.396779012346
402.05,0.2443875,-0.00666944444445,-0.380105401235
402.55,0.244559,0.000476388888889,-0.414775925926
403.1,0.2443875,-0.0127672222222,-0.391115277778
403.6,0.2443875,-0.00705055555556,-0.38629845679
404.1,0.244559,-0.000190555555556,-0.417951851852
404.65,0.2443875,-0.0140058333333,-0.386668981481
405.15,0.244216,-0.00828916666667,-0.371900925926
405.65,0.244559,-0.00152444444444,-0.41461712963
407.2,0.244559,-0.00276305555556,-0.410117901235
407.7,0.244559,0.00809861111111,-0.40429537037
408.75,0.244559,-0.00400166666667,-0.413187962963
409.25,0.244559,0.0077175,-0.404612962963
410.3,0.2443875,-0.00552611111111,-0.398949228395
410.8,0.244559,0.00619305555556,-0.405777469136
411.85,0.2443875,-0.0060025,-0.389368518519
412.35,0.244559,0.005145,-0.40260154321
413.4,0.2443875,-0.00686,-0.386192592593
413.9,0.2443875,0.00190555555556,-0.404665895062
414.4,0.2440445,0.00962305555555,-0.353427623457
414.95,0.244216,-0.00762222222222,-0.376294290123
415.45,0.2443875,0.000762222222222,-0.404877623457
416.0,0.244216,-0.0130530555556,-0.368777932099
416.5,0.244216,-0.00828916666667,-0.36830154321
417.0,0.2443875,-0.000571666666666,-0.402728580247
